Orthogroup	adoxophyes_orana_granulovirus_NC_005038	agrotis_segetum_granulovirus_NC_039213	artogeia_rapae_granulovirus_NC_013797	choristoneura_fumiferana_granulovirus_NC_008168	clostera_anachoreta_granulovirus_NC_015398	clostera_anastomosis_granulovirus_NC_022646	clostera_anastomosis_granulovirus_b_NC_038371	cnaphalocrocis_medinalis_granulovirus_NC_029304	cryptophlebia_leuctreta_granulovirus_NC_005068	cydia_pomonella_granulovirus_NC_002816	diatraea_saccharalis_granulovirus_NC_028491	epinotia_aporema_granulovirus_NC_018875	erinnyis_ello_granulovirus_NC_025257	helicoverpa_armigera_granulovirus_NC_010240	mocis_latipes_granulovirus_NC_029996	mythimna_unipuncta_granulovirus_NC_033780	phthorimaea_perculella_granulovirus_NC_004062	plodia_interpunctella_granulovirus_NC_032255	plutella_xylostella_granulovirus_NC_002593	pseudalatia_unipuncta_granulovirus_NC_013772	spodoptera_frugiperda_granulovirus_NC_026511	spodoptera_litura_granulovirus_NC_009503	trichoplusia_ni_granulovirus_LBIV-12_NC_038375	xestia_c-nigrum_granulovirus_NC_002331
OG0000008	lcl|NC_005038.1_prot_NP_872455.1_1	lcl|NC_039213.1_prot_YP_009513031.1_1	lcl|NC_013797.1_prot_YP_003429325.1_1	lcl|NC_008168.1_prot_YP_654422.1_1	lcl|NC_015398.1_prot_YP_004376209.1_1	lcl|NC_022646.1_prot_YP_008719949.1_1	lcl|NC_038371.1_prot_YP_009505943.1_1	lcl|NC_029304.2_prot_YP_009229920.1_1	lcl|NC_005068.1_prot_NP_891849.1_1	lcl|NC_002816.1_prot_NP_148785.1_1	lcl|NC_028491.1_prot_YP_009182199.1_1	lcl|NC_018875.1_prot_YP_006908509.1_1	lcl|NC_025257.1_prot_YP_009091840.1_1	lcl|NC_010240.1_prot_YP_001648983.1_1	lcl|NC_029996.1_prot_YP_009249839.1_1	lcl|NC_033780.2_prot_YP_009345719.1_1	lcl|NC_004062.1_prot_NP_663166.1_1	lcl|NC_032255.1_prot_YP_009330133.1_1	lcl|NC_002593.1_prot_NP_068223.1_5	lcl|NC_013772.1_prot_YP_003422340.1_1	lcl|NC_026511.1_prot_YP_009121786.1_1	lcl|NC_009503.1_prot_YP_001256952.1_1	lcl|NC_038375.1_prot_YP_009506071.1_1	lcl|NC_002331.1_prot_NP_059149.1_1
OG0000009	lcl|NC_005038.1_prot_NP_872457.1_3	lcl|NC_039213.1_prot_YP_009513033.1_3	lcl|NC_013797.1_prot_YP_003429327.1_3	lcl|NC_008168.1_prot_YP_654424.1_3	lcl|NC_015398.1_prot_YP_004376211.1_3	lcl|NC_022646.1_prot_YP_008719951.1_3	lcl|NC_038371.1_prot_YP_009505945.1_3	lcl|NC_029304.2_prot_YP_009229922.1_3	lcl|NC_005068.1_prot_NP_891851.1_3	lcl|NC_002816.1_prot_NP_148787.1_3	lcl|NC_028491.1_prot_YP_009182201.1_3	lcl|NC_018875.1_prot_YP_006908514.1_6	lcl|NC_025257.1_prot_YP_009091842.1_3	lcl|NC_010240.1_prot_YP_001648985.1_3	lcl|NC_029996.1_prot_YP_009249841.1_3	lcl|NC_033780.2_prot_YP_009345721.1_3	lcl|NC_004062.1_prot_NP_663168.1_3	lcl|NC_032255.1_prot_YP_009330135.1_3	lcl|NC_002593.1_prot_NP_068225.1_7	lcl|NC_013772.1_prot_YP_003422342.1_3	lcl|NC_026511.1_prot_YP_009121788.1_3	lcl|NC_009503.1_prot_YP_001256954.1_3	lcl|NC_038375.1_prot_YP_009506073.1_3	lcl|NC_002331.1_prot_NP_059151.1_3
OG0000011	lcl|NC_005038.1_prot_NP_872461.1_7	lcl|NC_039213.1_prot_YP_009513040.1_10	lcl|NC_013797.1_prot_YP_003429331.1_7	lcl|NC_008168.1_prot_YP_654429.1_8	lcl|NC_015398.1_prot_YP_004376215.1_7	lcl|NC_022646.1_prot_YP_008719955.1_7	lcl|NC_038371.1_prot_YP_009505950.1_8	lcl|NC_029304.2_prot_YP_009229926.1_7	lcl|NC_005068.1_prot_NP_891855.1_7	lcl|NC_002816.1_prot_NP_148792.1_8	lcl|NC_028491.1_prot_YP_009182205.1_7	lcl|NC_018875.1_prot_YP_006908542.1_34	lcl|NC_025257.1_prot_YP_009091848.1_9	lcl|NC_010240.1_prot_YP_001648991.1_9	lcl|NC_029996.1_prot_YP_009249847.1_9	lcl|NC_033780.2_prot_YP_009345728.1_10	lcl|NC_004062.1_prot_NP_663172.1_7	lcl|NC_032255.1_prot_YP_009330139.1_7	lcl|NC_002593.1_prot_NP_068230.1_12	lcl|NC_013772.1_prot_YP_003422348.1_9	lcl|NC_026511.1_prot_YP_009121794.1_9	lcl|NC_009503.1_prot_YP_001256959.1_8	lcl|NC_038375.1_prot_YP_009506079.1_9	lcl|NC_002331.1_prot_NP_059158.1_10
OG0000012	lcl|NC_005038.1_prot_NP_872465.1_11	lcl|NC_039213.1_prot_YP_009513043.1_13	lcl|NC_013797.1_prot_YP_003429339.1_15	lcl|NC_008168.1_prot_YP_654434.1_13	lcl|NC_015398.1_prot_YP_004376222.1_14	lcl|NC_022646.1_prot_YP_008719962.1_14	lcl|NC_038371.1_prot_YP_009505954.1_12	lcl|NC_029304.2_prot_YP_009229931.1_13	lcl|NC_005068.1_prot_NP_891861.1_13	lcl|NC_002816.1_prot_NP_148799.1_15	lcl|NC_028491.1_prot_YP_009182208.1_10	lcl|NC_018875.1_prot_YP_006908536.1_28	lcl|NC_025257.1_prot_YP_009091853.1_14	lcl|NC_010240.1_prot_YP_001648994.1_12	lcl|NC_029996.1_prot_YP_009249850.1_12	lcl|NC_033780.2_prot_YP_009345731.1_13	lcl|NC_004062.1_prot_NP_663178.1_13	lcl|NC_032255.1_prot_YP_009330146.1_14	lcl|NC_002593.1_prot_NP_068233.1_15	lcl|NC_013772.1_prot_YP_003422351.1_12	lcl|NC_026511.1_prot_YP_009121797.1_12	lcl|NC_009503.1_prot_YP_001256962.1_11	lcl|NC_038375.1_prot_YP_009506081.1_11	lcl|NC_002331.1_prot_NP_059161.1_13
OG0000013	lcl|NC_005038.1_prot_NP_872466.1_12	lcl|NC_039213.1_prot_YP_009513046.1_16	lcl|NC_013797.1_prot_YP_003429340.1_16	lcl|NC_008168.1_prot_YP_654435.1_14	lcl|NC_015398.1_prot_YP_004376223.1_15	lcl|NC_022646.1_prot_YP_008719963.1_15	lcl|NC_038371.1_prot_YP_009505955.1_13	lcl|NC_029304.2_prot_YP_009229932.1_14	lcl|NC_005068.1_prot_NP_891864.1_16	lcl|NC_002816.1_prot_NP_148802.1_18	lcl|NC_028491.1_prot_YP_009182210.1_12	lcl|NC_018875.1_prot_YP_006908535.1_27	lcl|NC_025257.1_prot_YP_009091855.1_16	lcl|NC_010240.1_prot_YP_001648996.1_14	lcl|NC_029996.1_prot_YP_009249852.1_14	lcl|NC_033780.2_prot_YP_009345733.1_15	lcl|NC_004062.1_prot_NP_663181.1_16	lcl|NC_032255.1_prot_YP_009330148.1_16	lcl|NC_002593.1_prot_NP_068235.1_17	lcl|NC_013772.1_prot_YP_003422353.1_14	lcl|NC_026511.1_prot_YP_009121799.1_14	lcl|NC_009503.1_prot_YP_001256964.1_13	lcl|NC_038375.1_prot_YP_009506083.1_13	lcl|NC_002331.1_prot_NP_059163.1_15
OG0000014	lcl|NC_005038.1_prot_NP_872470.1_16	lcl|NC_039213.1_prot_YP_009513049.1_19	lcl|NC_013797.1_prot_YP_003429344.1_20	lcl|NC_008168.1_prot_YP_654438.1_17	lcl|NC_015398.1_prot_YP_004376227.1_19	lcl|NC_022646.1_prot_YP_008719967.1_19	lcl|NC_038371.1_prot_YP_009505959.1_17	lcl|NC_029304.2_prot_YP_009229934.1_16	lcl|NC_005068.1_prot_NP_891867.1_19	lcl|NC_002816.1_prot_NP_148804.1_20	lcl|NC_028491.1_prot_YP_009182212.1_14	lcl|NC_018875.1_prot_YP_006908533.1_25	lcl|NC_025257.1_prot_YP_009091859.1_20	lcl|NC_010240.1_prot_YP_001648998.1_16	lcl|NC_029996.1_prot_YP_009249854.1_16	lcl|NC_033780.2_prot_YP_009345736.1_18	lcl|NC_004062.1_prot_NP_663184.1_19	lcl|NC_032255.1_prot_YP_009330151.1_19	lcl|NC_002593.1_prot_NP_068239.1_21	lcl|NC_013772.1_prot_YP_003422355.1_16	lcl|NC_026511.1_prot_YP_009121801.1_16	lcl|NC_009503.1_prot_YP_001256966.1_15	lcl|NC_038375.1_prot_YP_009506085.1_15	lcl|NC_002331.1_prot_NP_059165.1_17
OG0000015	lcl|NC_005038.1_prot_NP_872471.1_17	lcl|NC_039213.1_prot_YP_009513050.1_20	lcl|NC_013797.1_prot_YP_003429345.1_21	lcl|NC_008168.1_prot_YP_654439.1_18	lcl|NC_015398.1_prot_YP_004376243.1_35	lcl|NC_022646.1_prot_YP_008719984.1_36	lcl|NC_038371.1_prot_YP_009505961.1_19	lcl|NC_029304.2_prot_YP_009229936.1_18	lcl|NC_005068.1_prot_NP_891870.1_22	lcl|NC_002816.1_prot_NP_148806.1_22	lcl|NC_028491.1_prot_YP_009182214.1_16	lcl|NC_018875.1_prot_YP_006908530.1_22	lcl|NC_025257.1_prot_YP_009091860.1_21	lcl|NC_010240.1_prot_YP_001649000.1_18	lcl|NC_029996.1_prot_YP_009249856.1_18	lcl|NC_033780.2_prot_YP_009345738.1_20	lcl|NC_004062.1_prot_NP_663185.1_20	lcl|NC_032255.1_prot_YP_009330153.1_21	lcl|NC_002593.1_prot_NP_068240.1_22	lcl|NC_013772.1_prot_YP_003422357.1_18	lcl|NC_026511.1_prot_YP_009121803.1_18	lcl|NC_009503.1_prot_YP_001256970.1_19	lcl|NC_038375.1_prot_YP_009506087.1_17	lcl|NC_002331.1_prot_NP_059167.1_19
OG0000016	lcl|NC_005038.1_prot_NP_872472.1_18	lcl|NC_039213.1_prot_YP_009513051.1_21	lcl|NC_013797.1_prot_YP_003429346.1_22	lcl|NC_008168.1_prot_YP_654440.1_19	lcl|NC_015398.1_prot_YP_004376244.1_36	lcl|NC_022646.1_prot_YP_008719985.1_37	lcl|NC_038371.1_prot_YP_009505962.1_20	lcl|NC_029304.2_prot_YP_009229937.1_19	lcl|NC_005068.1_prot_NP_891871.1_23	lcl|NC_002816.1_prot_NP_148807.1_23	lcl|NC_028491.1_prot_YP_009182215.1_17	lcl|NC_018875.1_prot_YP_006908529.1_21	lcl|NC_025257.1_prot_YP_009091861.1_22	lcl|NC_010240.1_prot_YP_001648999.1_17	lcl|NC_029996.1_prot_YP_009249855.1_17	lcl|NC_033780.2_prot_YP_009345737.1_19	lcl|NC_004062.1_prot_NP_663186.1_21	lcl|NC_032255.1_prot_YP_009330155.1_23	lcl|NC_002593.1_prot_NP_068242.1_24	lcl|NC_013772.1_prot_YP_003422356.1_17	lcl|NC_026511.1_prot_YP_009121802.1_17	lcl|NC_009503.1_prot_YP_001256969.1_18	lcl|NC_038375.1_prot_YP_009506086.1_16	lcl|NC_002331.1_prot_NP_059166.1_18
OG0000018	lcl|NC_005038.1_prot_NP_872479.1_25	lcl|NC_039213.1_prot_YP_009513061.1_31	lcl|NC_013797.1_prot_YP_003429352.1_28	lcl|NC_008168.1_prot_YP_654445.1_24	lcl|NC_015398.1_prot_YP_004376240.1_32	lcl|NC_022646.1_prot_YP_008719981.1_33	lcl|NC_038371.1_prot_YP_009505967.1_25	lcl|NC_029304.2_prot_YP_009229962.1_44	lcl|NC_005068.1_prot_NP_891879.1_31	lcl|NC_002816.1_prot_NP_148817.1_33	lcl|NC_028491.1_prot_YP_009182227.1_29	lcl|NC_018875.1_prot_YP_006908545.1_37	lcl|NC_025257.1_prot_YP_009091869.1_30	lcl|NC_010240.1_prot_YP_001649010.1_28	lcl|NC_029996.1_prot_YP_009249866.1_28	lcl|NC_033780.2_prot_YP_009345749.1_31	lcl|NC_004062.1_prot_NP_663194.1_29	lcl|NC_032255.1_prot_YP_009330161.1_29	lcl|NC_002593.1_prot_NP_068247.1_29	lcl|NC_013772.1_prot_YP_003422367.1_28	lcl|NC_026511.1_prot_YP_009121810.1_25	lcl|NC_009503.1_prot_YP_001256977.1_26	lcl|NC_038375.1_prot_YP_009506096.1_26	lcl|NC_002331.1_prot_NP_059177.1_29
OG0000019	lcl|NC_005038.1_prot_NP_872480.1_26	lcl|NC_039213.1_prot_YP_009513063.1_33	lcl|NC_013797.1_prot_YP_003429354.1_30	lcl|NC_008168.1_prot_YP_654447.1_26	lcl|NC_015398.1_prot_YP_004376241.1_33	lcl|NC_022646.1_prot_YP_008719982.1_34	lcl|NC_038371.1_prot_YP_009505968.1_26	lcl|NC_029304.2_prot_YP_009229961.1_43	lcl|NC_005068.1_prot_NP_891881.1_33	lcl|NC_002816.1_prot_NP_148819.1_35	lcl|NC_028491.1_prot_YP_009182228.1_30	lcl|NC_018875.1_prot_YP_006908546.1_38	lcl|NC_025257.1_prot_YP_009091870.1_31	lcl|NC_010240.1_prot_YP_001649012.1_30	lcl|NC_029996.1_prot_YP_009249867.1_29	lcl|NC_033780.2_prot_YP_009345751.1_33	lcl|NC_004062.1_prot_NP_663196.1_31	lcl|NC_032255.1_prot_YP_009330163.1_31	lcl|NC_002593.1_prot_NP_068248.1_30	lcl|NC_013772.1_prot_YP_003422369.1_30	lcl|NC_026511.1_prot_YP_009121812.1_27	lcl|NC_009503.1_prot_YP_001256978.1_27	lcl|NC_038375.1_prot_YP_009506098.1_28	lcl|NC_002331.1_prot_NP_059180.1_32
OG0000020	lcl|NC_005038.1_prot_NP_872483.1_29	lcl|NC_039213.1_prot_YP_009513068.1_38	lcl|NC_013797.1_prot_YP_003429355.1_31	lcl|NC_008168.1_prot_YP_654449.1_28	lcl|NC_015398.1_prot_YP_004376247.1_39	lcl|NC_022646.1_prot_YP_008719989.1_41	lcl|NC_038371.1_prot_YP_009505969.1_27	lcl|NC_029304.2_prot_YP_009229959.1_41	lcl|NC_005068.1_prot_NP_891883.1_35	lcl|NC_002816.1_prot_NP_148823.1_39	lcl|NC_028491.1_prot_YP_009182230.1_32	lcl|NC_018875.1_prot_YP_006908548.1_40	lcl|NC_025257.1_prot_YP_009091871.1_32	lcl|NC_010240.1_prot_YP_001649014.1_32	lcl|NC_029996.1_prot_YP_009249869.1_31	lcl|NC_033780.2_prot_YP_009345753.1_35	lcl|NC_004062.1_prot_NP_663199.1_34	lcl|NC_032255.1_prot_YP_009330165.1_33	lcl|NC_002593.1_prot_NP_068250.1_32	lcl|NC_013772.1_prot_YP_003422371.1_32	lcl|NC_026511.1_prot_YP_009121814.1_29	lcl|NC_009503.1_prot_YP_001256982.1_31	lcl|NC_038375.1_prot_YP_009506099.1_29	lcl|NC_002331.1_prot_NP_059182.1_34
OG0000022	lcl|NC_005038.1_prot_NP_872493.1_39	lcl|NC_039213.1_prot_YP_009513080.1_50	lcl|NC_013797.1_prot_YP_003429364.1_40	lcl|NC_008168.1_prot_YP_654456.1_35	lcl|NC_015398.1_prot_YP_004376231.1_23	lcl|NC_022646.1_prot_YP_008719972.1_24	lcl|NC_038371.1_prot_YP_009505979.1_37	lcl|NC_029304.2_prot_YP_009229967.2_49	lcl|NC_005068.1_prot_NP_891892.1_44	lcl|NC_002816.1_prot_NP_148832.1_48	lcl|NC_028491.1_prot_YP_009182240.1_42	lcl|NC_018875.1_prot_YP_006908555.1_47	lcl|NC_025257.1_prot_YP_009091881.1_42	lcl|NC_010240.1_prot_YP_001649024.1_42	lcl|NC_029996.1_prot_YP_009249878.1_39	lcl|NC_033780.2_prot_YP_009345761.1_43	lcl|NC_004062.1_prot_NP_663209.1_44	lcl|NC_032255.1_prot_YP_009330173.1_41	lcl|NC_002593.1_prot_NP_068256.1_38	lcl|NC_013772.1_prot_YP_003422382.1_43	lcl|NC_026511.1_prot_YP_009121822.1_37	lcl|NC_009503.1_prot_YP_001256990.1_39	lcl|NC_038375.1_prot_YP_009506107.1_37	lcl|NC_002331.1_prot_NP_059193.1_45
OG0000024	lcl|NC_005038.1_prot_NP_872499.1_45	lcl|NC_039213.1_prot_YP_009513086.1_56	lcl|NC_013797.1_prot_YP_003429369.1_45	lcl|NC_008168.1_prot_YP_654460.1_39	lcl|NC_015398.1_prot_YP_004376251.1_43	lcl|NC_022646.1_prot_YP_008719993.1_45	lcl|NC_038371.1_prot_YP_009505984.1_42	lcl|NC_029304.2_prot_YP_009229952.1_34	lcl|NC_005068.1_prot_NP_891899.1_51	lcl|NC_002816.1_prot_NP_148838.1_54	lcl|NC_028491.1_prot_YP_009182246.1_48	lcl|NC_018875.1_prot_YP_006908560.1_52	lcl|NC_025257.1_prot_YP_009091886.1_47	lcl|NC_010240.1_prot_YP_001649029.1_47	lcl|NC_029996.1_prot_YP_009249883.1_44	lcl|NC_033780.2_prot_YP_009345766.1_48	lcl|NC_004062.1_prot_NP_663214.1_49	lcl|NC_032255.1_prot_YP_009330178.1_46	lcl|NC_002593.1_prot_NP_068261.1_43	lcl|NC_013772.1_prot_YP_003422389.1_50	lcl|NC_026511.1_prot_YP_009121826.1_41	lcl|NC_009503.1_prot_YP_001256996.1_45	lcl|NC_038375.1_prot_YP_009506114.1_44	lcl|NC_002331.1_prot_NP_059200.1_52
OG0000025	lcl|NC_005038.1_prot_NP_872500.1_46	lcl|NC_039213.1_prot_YP_009513087.1_57	lcl|NC_013797.1_prot_YP_003429370.1_46	lcl|NC_008168.1_prot_YP_654461.1_40	lcl|NC_015398.1_prot_YP_004376252.1_44	lcl|NC_022646.1_prot_YP_008719994.1_46	lcl|NC_038371.1_prot_YP_009505985.1_43	lcl|NC_029304.2_prot_YP_009229951.1_33	lcl|NC_005068.1_prot_NP_891900.1_52	lcl|NC_002816.1_prot_NP_148839.1_55	lcl|NC_028491.1_prot_YP_009182247.1_49	lcl|NC_018875.1_prot_YP_006908561.1_53	lcl|NC_025257.1_prot_YP_009091887.1_48	lcl|NC_010240.1_prot_YP_001649030.1_48	lcl|NC_029996.1_prot_YP_009249884.1_45	lcl|NC_033780.2_prot_YP_009345768.1_50	lcl|NC_004062.1_prot_NP_663215.1_50	lcl|NC_032255.1_prot_YP_009330179.1_47	lcl|NC_002593.1_prot_NP_068262.1_44	lcl|NC_013772.1_prot_YP_003422390.1_51	lcl|NC_026511.1_prot_YP_009121827.1_42	lcl|NC_009503.1_prot_YP_001256997.1_46	lcl|NC_038375.1_prot_YP_009506115.1_45	lcl|NC_002331.1_prot_NP_059201.1_53
OG0000026	lcl|NC_005038.1_prot_NP_872507.1_53	lcl|NC_039213.1_prot_YP_009513098.1_68	lcl|NC_013797.1_prot_YP_003429375.1_51	lcl|NC_008168.1_prot_YP_654467.1_46	lcl|NC_015398.1_prot_YP_004376257.1_49	lcl|NC_022646.1_prot_YP_008719999.1_51	lcl|NC_038371.1_prot_YP_009505991.1_49	lcl|NC_029304.2_prot_YP_009229946.1_28	lcl|NC_005068.1_prot_NP_891905.1_57	lcl|NC_002816.1_prot_NP_148844.1_60	lcl|NC_028491.1_prot_YP_009182251.1_53	lcl|NC_018875.1_prot_YP_006908567.1_59	lcl|NC_025257.1_prot_YP_009091894.1_55	lcl|NC_010240.1_prot_YP_001649054.1_72	lcl|NC_029996.1_prot_YP_009249898.1_59	lcl|NC_033780.2_prot_YP_009345786.1_68	lcl|NC_004062.1_prot_NP_663220.1_55	lcl|NC_032255.1_prot_YP_009330184.1_52	lcl|NC_002593.1_prot_NP_068268.1_50	lcl|NC_013772.1_prot_YP_003422416.1_77	lcl|NC_026511.1_prot_YP_009121846.1_61	lcl|NC_009503.1_prot_YP_001257007.1_56	lcl|NC_038375.1_prot_YP_009506138.1_68	lcl|NC_002331.1_prot_NP_059225.1_77
OG0000029	lcl|NC_005038.1_prot_NP_872514.1_60	lcl|NC_039213.1_prot_YP_009513104.1_74	lcl|NC_013797.1_prot_YP_003429382.1_58	lcl|NC_008168.1_prot_YP_654473.1_52	lcl|NC_015398.1_prot_YP_004376265.1_57	lcl|NC_022646.1_prot_YP_008720007.1_59	lcl|NC_038371.1_prot_YP_009505998.1_56	lcl|NC_029304.2_prot_YP_009229971.1_53	lcl|NC_005068.1_prot_NP_891910.1_62	lcl|NC_002816.1_prot_NP_148855.1_71	lcl|NC_028491.1_prot_YP_009182258.1_60	lcl|NC_018875.1_prot_YP_006908574.1_66	lcl|NC_025257.1_prot_YP_009091902.1_63	lcl|NC_010240.1_prot_YP_001649060.1_78	lcl|NC_029996.1_prot_YP_009249902.1_64	lcl|NC_033780.2_prot_YP_009345790.1_72	lcl|NC_004062.1_prot_NP_663228.1_63	lcl|NC_032255.1_prot_YP_009330190.1_58	lcl|NC_002593.1_prot_NP_068272.1_54	lcl|NC_013772.1_prot_YP_003422422.1_83	lcl|NC_026511.1_prot_YP_009121850.1_65	lcl|NC_009503.1_prot_YP_001257011.1_60	lcl|NC_038375.1_prot_YP_009506144.1_74	lcl|NC_002331.1_prot_NP_059228.1_80
OG0000031	lcl|NC_005038.1_prot_NP_872517.1_63	lcl|NC_039213.1_prot_YP_009513107.1_77	lcl|NC_013797.1_prot_YP_003429385.1_61	lcl|NC_008168.1_prot_YP_654477.1_56	lcl|NC_015398.1_prot_YP_004376269.1_61	lcl|NC_022646.1_prot_YP_008720011.1_63	lcl|NC_038371.1_prot_YP_009506002.1_60	lcl|NC_029304.2_prot_YP_009229974.1_56	lcl|NC_005068.1_prot_NP_891914.1_66	lcl|NC_002816.1_prot_NP_148859.1_75	lcl|NC_028491.1_prot_YP_009182261.1_63	lcl|NC_018875.1_prot_YP_006908577.1_69	lcl|NC_025257.1_prot_YP_009091906.1_67	lcl|NC_010240.1_prot_YP_001649064.1_82	lcl|NC_029996.1_prot_YP_009249906.1_68	lcl|NC_033780.2_prot_YP_009345794.1_76	lcl|NC_004062.1_prot_NP_663232.1_67	lcl|NC_032255.1_prot_YP_009330194.1_62	lcl|NC_002593.1_prot_NP_068226.1_8	lcl|NC_013772.1_prot_YP_003422426.1_87	lcl|NC_026511.1_prot_YP_009121854.1_69	lcl|NC_009503.1_prot_YP_001257015.1_64	lcl|NC_038375.1_prot_YP_009506148.1_78	lcl|NC_002331.1_prot_NP_059232.1_84
OG0000033	lcl|NC_005038.1_prot_NP_872522.1_68	lcl|NC_039213.1_prot_YP_009513113.1_83	lcl|NC_013797.1_prot_YP_003429390.1_66	lcl|NC_008168.1_prot_YP_654482.1_61	lcl|NC_015398.1_prot_YP_004376274.1_66	lcl|NC_022646.1_prot_YP_008720016.1_68	lcl|NC_038371.1_prot_YP_009506008.1_66	lcl|NC_029304.2_prot_YP_009229980.1_62	lcl|NC_005068.1_prot_NP_891919.1_71	lcl|NC_002816.1_prot_NP_148865.1_81	lcl|NC_028491.1_prot_YP_009182267.1_69	lcl|NC_018875.1_prot_YP_006908583.1_75	lcl|NC_025257.1_prot_YP_009091912.1_73	lcl|NC_010240.1_prot_YP_001649069.1_87	lcl|NC_029996.1_prot_YP_009249911.1_73	lcl|NC_033780.2_prot_YP_009345800.1_82	lcl|NC_004062.1_prot_NP_663238.1_73	lcl|NC_032255.1_prot_YP_009330199.1_67	lcl|NC_002593.1_prot_NP_068280.1_62	lcl|NC_013772.1_prot_YP_003422431.1_92	lcl|NC_026511.1_prot_YP_009121859.1_74	lcl|NC_009503.1_prot_YP_001257021.1_70	lcl|NC_038375.1_prot_YP_009506152.1_82	lcl|NC_002331.1_prot_NP_059237.1_89
OG0000035	lcl|NC_005038.1_prot_NP_872524.1_70	lcl|NC_039213.1_prot_YP_009513117.1_87	lcl|NC_013797.1_prot_YP_003429393.1_69	lcl|NC_008168.1_prot_YP_654486.1_65	lcl|NC_015398.1_prot_YP_004376277.1_69	lcl|NC_022646.1_prot_YP_008720019.1_71	lcl|NC_038371.1_prot_YP_009506012.1_70	lcl|NC_029304.2_prot_YP_009229985.1_66	lcl|NC_005068.1_prot_NP_891922.1_74	lcl|NC_002816.1_prot_NP_148868.1_84	lcl|NC_028491.1_prot_YP_009182271.1_73	lcl|NC_018875.1_prot_YP_006908587.1_79	lcl|NC_025257.1_prot_YP_009091916.1_77	lcl|NC_010240.1_prot_YP_001649073.1_91	lcl|NC_029996.1_prot_YP_009249915.1_77	lcl|NC_033780.2_prot_YP_009345804.1_86	lcl|NC_004062.1_prot_NP_663241.1_76	lcl|NC_032255.1_prot_YP_009330203.1_71	lcl|NC_002593.1_prot_NP_068283.1_65	lcl|NC_013772.1_prot_YP_003422435.1_96	lcl|NC_026511.1_prot_YP_009121862.1_77	lcl|NC_009503.1_prot_YP_001257025.1_74	lcl|NC_038375.1_prot_YP_009506156.1_86	lcl|NC_002331.1_prot_NP_059240.1_92
OG0000036	lcl|NC_005038.1_prot_NP_872525.1_71	lcl|NC_039213.1_prot_YP_009513118.1_88	lcl|NC_013797.1_prot_YP_003429394.1_70	lcl|NC_008168.1_prot_YP_654487.1_66	lcl|NC_015398.1_prot_YP_004376278.1_70	lcl|NC_022646.1_prot_YP_008720020.1_72	lcl|NC_038371.1_prot_YP_009506013.1_71	lcl|NC_029304.2_prot_YP_009229986.1_67	lcl|NC_005068.1_prot_NP_891923.1_75	lcl|NC_002816.1_prot_NP_148869.1_85	lcl|NC_028491.1_prot_YP_009182273.1_75	lcl|NC_018875.1_prot_YP_006908588.1_80	lcl|NC_025257.1_prot_YP_009091917.1_78	lcl|NC_010240.1_prot_YP_001649074.1_92	lcl|NC_029996.1_prot_YP_009249916.1_78	lcl|NC_033780.2_prot_YP_009345805.1_87	lcl|NC_004062.1_prot_NP_663242.1_77	lcl|NC_032255.1_prot_YP_009330204.1_72	lcl|NC_002593.1_prot_NP_068285.1_67	lcl|NC_013772.1_prot_YP_003422436.1_97	lcl|NC_026511.1_prot_YP_009121863.1_78	lcl|NC_009503.1_prot_YP_001257026.1_75	lcl|NC_038375.1_prot_YP_009506157.1_87	lcl|NC_002331.1_prot_NP_059241.1_93
OG0000038	lcl|NC_005038.1_prot_NP_872528.1_74	lcl|NC_039213.1_prot_YP_009513121.1_91	lcl|NC_013797.1_prot_YP_003429397.1_73	lcl|NC_008168.1_prot_YP_654490.1_69	lcl|NC_015398.1_prot_YP_004376281.1_73	lcl|NC_022646.1_prot_YP_008720023.1_75	lcl|NC_038371.1_prot_YP_009506016.1_74	lcl|NC_029304.2_prot_YP_009229989.1_70	lcl|NC_005068.1_prot_NP_891926.1_78	lcl|NC_002816.1_prot_NP_148872.1_88	lcl|NC_028491.1_prot_YP_009182276.1_78	lcl|NC_018875.1_prot_YP_006908591.1_83	lcl|NC_025257.1_prot_YP_009091920.1_81	lcl|NC_010240.1_prot_YP_001649077.1_95	lcl|NC_029996.1_prot_YP_009249919.1_81	lcl|NC_033780.2_prot_YP_009345808.1_90	lcl|NC_004062.1_prot_NP_663245.1_80	lcl|NC_032255.1_prot_YP_009330207.1_75	lcl|NC_002593.1_prot_NP_068289.1_71	lcl|NC_013772.1_prot_YP_003422439.1_100	lcl|NC_026511.1_prot_YP_009121866.1_81	lcl|NC_009503.1_prot_YP_001257028.1_77	lcl|NC_038375.1_prot_YP_009506159.1_89	lcl|NC_002331.1_prot_NP_059244.1_96
OG0000039	lcl|NC_005038.1_prot_NP_872529.1_75	lcl|NC_039213.1_prot_YP_009513122.1_92	lcl|NC_013797.1_prot_YP_003429398.1_74	lcl|NC_008168.1_prot_YP_654491.1_70	lcl|NC_015398.1_prot_YP_004376282.1_74	lcl|NC_022646.1_prot_YP_008720024.1_76	lcl|NC_038371.1_prot_YP_009506017.1_75	lcl|NC_029304.2_prot_YP_009229990.1_71	lcl|NC_005068.1_prot_NP_891927.1_79	lcl|NC_002816.1_prot_NP_148873.1_89	lcl|NC_028491.1_prot_YP_009182279.1_81	lcl|NC_018875.1_prot_YP_006908592.1_84	lcl|NC_025257.1_prot_YP_009091921.1_82	lcl|NC_010240.1_prot_YP_001649078.1_96	lcl|NC_029996.1_prot_YP_009249920.1_82	lcl|NC_033780.2_prot_YP_009345809.1_91	lcl|NC_004062.1_prot_NP_663246.1_81	lcl|NC_032255.1_prot_YP_009330208.1_76	lcl|NC_002593.1_prot_NP_068290.1_72	lcl|NC_013772.1_prot_YP_003422440.1_101	lcl|NC_026511.1_prot_YP_009121867.1_82	lcl|NC_009503.1_prot_YP_001257030.1_79	lcl|NC_038375.1_prot_YP_009506160.1_90	lcl|NC_002331.1_prot_NP_059245.1_97
OG0000041	lcl|NC_005038.1_prot_NP_872531.1_77	lcl|NC_039213.1_prot_YP_009513125.1_95	lcl|NC_013797.1_prot_YP_003429400.1_76	lcl|NC_008168.1_prot_YP_654493.1_72	lcl|NC_015398.1_prot_YP_004376284.1_76	lcl|NC_022646.1_prot_YP_008720026.1_78	lcl|NC_038371.1_prot_YP_009506019.1_77	lcl|NC_029304.2_prot_YP_009229992.1_73	lcl|NC_005068.1_prot_NP_891929.1_81	lcl|NC_002816.1_prot_NP_148875.1_91	lcl|NC_028491.1_prot_YP_009182281.1_83	lcl|NC_018875.1_prot_YP_006908594.1_86	lcl|NC_025257.1_prot_YP_009091923.1_84	lcl|NC_010240.1_prot_YP_001649080.1_98	lcl|NC_029996.1_prot_YP_009249922.1_84	lcl|NC_033780.2_prot_YP_009345811.1_93	lcl|NC_004062.1_prot_NP_663248.1_83	lcl|NC_032255.1_prot_YP_009330210.1_78	lcl|NC_002593.1_prot_NP_068293.1_75	lcl|NC_013772.1_prot_YP_003422442.1_103	lcl|NC_026511.1_prot_YP_009121870.1_85	lcl|NC_009503.1_prot_YP_001257032.1_81	lcl|NC_038375.1_prot_YP_009506164.1_94	lcl|NC_002331.1_prot_NP_059247.1_99
OG0000042	lcl|NC_005038.1_prot_NP_872532.1_78	lcl|NC_039213.1_prot_YP_009513126.1_96	lcl|NC_013797.1_prot_YP_003429401.1_77	lcl|NC_008168.1_prot_YP_654494.1_73	lcl|NC_015398.1_prot_YP_004376285.1_77	lcl|NC_022646.1_prot_YP_008720027.1_79	lcl|NC_038371.1_prot_YP_009506020.1_78	lcl|NC_029304.2_prot_YP_009229993.1_74	lcl|NC_005068.1_prot_NP_891930.1_82	lcl|NC_002816.1_prot_NP_148876.1_92	lcl|NC_028491.1_prot_YP_009182282.1_84	lcl|NC_018875.1_prot_YP_006908595.1_87	lcl|NC_025257.1_prot_YP_009091924.1_85	lcl|NC_010240.1_prot_YP_001649081.1_99	lcl|NC_029996.1_prot_YP_009249923.1_85	lcl|NC_033780.2_prot_YP_009345812.1_94	lcl|NC_004062.1_prot_NP_663249.1_84	lcl|NC_032255.1_prot_YP_009330211.1_79	lcl|NC_002593.1_prot_NP_068294.1_76	lcl|NC_013772.1_prot_YP_003422443.1_104	lcl|NC_026511.1_prot_YP_009121871.1_86	lcl|NC_009503.1_prot_YP_001257033.1_82	lcl|NC_038375.1_prot_YP_009506165.1_95	lcl|NC_002331.1_prot_NP_059248.1_100
OG0000043	lcl|NC_005038.1_prot_NP_872533.1_79	lcl|NC_039213.1_prot_YP_009513127.1_97	lcl|NC_013797.1_prot_YP_003429402.1_78	lcl|NC_008168.1_prot_YP_654495.1_74	lcl|NC_015398.1_prot_YP_004376286.1_78	lcl|NC_022646.1_prot_YP_008720028.1_80	lcl|NC_038371.1_prot_YP_009506021.1_79	lcl|NC_029304.2_prot_YP_009229994.1_75	lcl|NC_005068.1_prot_NP_891931.1_83	lcl|NC_002816.1_prot_NP_148877.1_93	lcl|NC_028491.1_prot_YP_009182283.1_85	lcl|NC_018875.1_prot_YP_006908596.1_88	lcl|NC_025257.1_prot_YP_009091925.1_86	lcl|NC_010240.1_prot_YP_001649082.1_100	lcl|NC_029996.1_prot_YP_009249924.1_86	lcl|NC_033780.2_prot_YP_009345813.1_95	lcl|NC_004062.1_prot_NP_663250.1_85	lcl|NC_032255.1_prot_YP_009330212.1_80	lcl|NC_002593.1_prot_NP_068295.1_77	lcl|NC_013772.1_prot_YP_003422444.1_105	lcl|NC_026511.1_prot_YP_009121872.1_87	lcl|NC_009503.1_prot_YP_001257034.1_83	lcl|NC_038375.1_prot_YP_009506166.1_96	lcl|NC_002331.1_prot_NP_059249.1_101
OG0000045	lcl|NC_005038.1_prot_NP_872535.1_81	lcl|NC_039213.1_prot_YP_009513130.1_100	lcl|NC_013797.1_prot_YP_003429405.1_81	lcl|NC_008168.1_prot_YP_654497.1_76	lcl|NC_015398.1_prot_YP_004376289.1_81	lcl|NC_022646.1_prot_YP_008720031.1_83	lcl|NC_038371.1_prot_YP_009506023.1_81	lcl|NC_029304.2_prot_YP_009229996.1_77	lcl|NC_005068.1_prot_NP_891934.1_86	lcl|NC_002816.1_prot_NP_148880.1_96	lcl|NC_028491.1_prot_YP_009182285.1_87	lcl|NC_018875.1_prot_YP_006908600.1_92	lcl|NC_025257.1_prot_YP_009091927.1_88	lcl|NC_010240.1_prot_YP_001649095.1_113	lcl|NC_029996.1_prot_YP_009249929.1_91	lcl|NC_033780.2_prot_YP_009345819.1_101	lcl|NC_004062.1_prot_NP_663253.1_88	lcl|NC_032255.1_prot_YP_009330215.1_83	lcl|NC_002593.1_prot_NP_068298.1_80	lcl|NC_013772.1_prot_YP_003422454.1_115	lcl|NC_026511.1_prot_YP_009121877.1_92	lcl|NC_009503.1_prot_YP_001257038.1_87	lcl|NC_038375.1_prot_YP_009506175.1_105	lcl|NC_002331.1_prot_NP_059259.1_111
OG0000046	lcl|NC_005038.1_prot_NP_872536.1_82	lcl|NC_039213.1_prot_YP_009513131.1_101	lcl|NC_013797.1_prot_YP_003429406.1_82	lcl|NC_008168.1_prot_YP_654498.1_77	lcl|NC_015398.1_prot_YP_004376290.1_82	lcl|NC_022646.1_prot_YP_008720032.1_84	lcl|NC_038371.1_prot_YP_009506024.1_82	lcl|NC_029304.2_prot_YP_009229997.1_78	lcl|NC_005068.1_prot_NP_891935.1_87	lcl|NC_002816.1_prot_NP_148881.1_97	lcl|NC_028491.1_prot_YP_009182286.1_88	lcl|NC_018875.1_prot_YP_006908601.1_93	lcl|NC_025257.1_prot_YP_009091928.1_89	lcl|NC_010240.1_prot_YP_001649096.1_114	lcl|NC_029996.1_prot_YP_009249930.1_92	lcl|NC_033780.2_prot_YP_009345820.1_102	lcl|NC_004062.1_prot_NP_663254.1_89	lcl|NC_032255.1_prot_YP_009330216.1_84	lcl|NC_002593.1_prot_NP_068299.1_81	lcl|NC_013772.1_prot_YP_003422455.1_116	lcl|NC_026511.1_prot_YP_009121878.1_93	lcl|NC_009503.1_prot_YP_001257039.1_88	lcl|NC_038375.1_prot_YP_009506176.1_106	lcl|NC_002331.1_prot_NP_059260.1_112
OG0000047	lcl|NC_005038.1_prot_NP_872537.1_83	lcl|NC_039213.1_prot_YP_009513132.1_102	lcl|NC_013797.1_prot_YP_003429407.1_83	lcl|NC_008168.1_prot_YP_654499.1_78	lcl|NC_015398.1_prot_YP_004376291.1_83	lcl|NC_022646.1_prot_YP_008720033.1_85	lcl|NC_038371.1_prot_YP_009506025.1_83	lcl|NC_029304.2_prot_YP_009229999.1_80	lcl|NC_005068.1_prot_NP_891937.1_89	lcl|NC_002816.1_prot_NP_148883.1_99	lcl|NC_028491.1_prot_YP_009182288.1_90	lcl|NC_018875.1_prot_YP_006908602.1_94	lcl|NC_025257.1_prot_YP_009091930.1_91	lcl|NC_010240.1_prot_YP_001649098.1_116	lcl|NC_029996.1_prot_YP_009249931.1_93	lcl|NC_033780.2_prot_YP_009345821.1_103	lcl|NC_004062.1_prot_NP_663257.1_92	lcl|NC_032255.1_prot_YP_009330217.1_85	lcl|NC_002593.1_prot_NP_068301.1_83	lcl|NC_013772.1_prot_YP_003422456.1_117	lcl|NC_026511.1_prot_YP_009121879.1_94	lcl|NC_009503.1_prot_YP_001257040.1_89	lcl|NC_038375.1_prot_YP_009506177.1_107	lcl|NC_002331.1_prot_NP_059261.1_113
OG0000048	lcl|NC_005038.1_prot_NP_872539.1_85	lcl|NC_039213.1_prot_YP_009513135.1_105	lcl|NC_013797.1_prot_YP_003429409.1_85	lcl|NC_008168.1_prot_YP_654501.1_80	lcl|NC_015398.1_prot_YP_004376294.1_86	lcl|NC_022646.1_prot_YP_008720035.1_87	lcl|NC_038371.1_prot_YP_009506027.1_85	lcl|NC_029304.2_prot_YP_009230001.1_82	lcl|NC_005068.1_prot_NP_891939.1_91	lcl|NC_002816.1_prot_NP_148885.1_101	lcl|NC_028491.1_prot_YP_009182222.1_24	lcl|NC_018875.1_prot_YP_006908604.1_96	lcl|NC_025257.1_prot_YP_009091932.1_93	lcl|NC_010240.1_prot_YP_001649103.1_121	lcl|NC_029996.1_prot_YP_009249937.1_99	lcl|NC_033780.2_prot_YP_009345826.1_108	lcl|NC_004062.1_prot_NP_663259.1_94	lcl|NC_032255.1_prot_YP_009330220.1_88	lcl|NC_002593.1_prot_NP_068303.1_85	lcl|NC_013772.1_prot_YP_003422461.1_122	lcl|NC_026511.1_prot_YP_009121885.1_100	lcl|NC_009503.1_prot_YP_001257043.1_92	lcl|NC_038375.1_prot_YP_009506182.1_112	lcl|NC_002331.1_prot_NP_059266.1_118
OG0000050	lcl|NC_005038.1_prot_NP_872541.1_87	lcl|NC_039213.1_prot_YP_009513138.1_108	lcl|NC_013797.1_prot_YP_003429411.1_87	lcl|NC_008168.1_prot_YP_654503.1_82	lcl|NC_015398.1_prot_YP_004376296.1_88	lcl|NC_022646.1_prot_YP_008720037.1_89	lcl|NC_038371.1_prot_YP_009506029.1_87	lcl|NC_029304.2_prot_YP_009230006.1_87	lcl|NC_005068.1_prot_NP_891941.1_93	lcl|NC_002816.1_prot_NP_148887.1_103	lcl|NC_028491.1_prot_YP_009182220.1_22	lcl|NC_018875.1_prot_YP_006908606.1_98	lcl|NC_025257.1_prot_YP_009091934.1_95	lcl|NC_010240.1_prot_YP_001649105.1_123	lcl|NC_029996.1_prot_YP_009249939.1_101	lcl|NC_033780.2_prot_YP_009345828.1_110	lcl|NC_004062.1_prot_NP_663261.1_96	lcl|NC_032255.1_prot_YP_009330222.1_90	lcl|NC_002593.1_prot_NP_068305.1_87	lcl|NC_013772.1_prot_YP_003422463.1_124	lcl|NC_026511.1_prot_YP_009121887.1_102	lcl|NC_009503.1_prot_YP_001257045.1_94	lcl|NC_038375.1_prot_YP_009506184.1_114	lcl|NC_002331.1_prot_NP_059268.1_120
OG0000051	lcl|NC_005038.1_prot_NP_872542.1_88	lcl|NC_039213.1_prot_YP_009513139.1_109	lcl|NC_013797.1_prot_YP_003429412.1_88	lcl|NC_008168.1_prot_YP_654504.1_83	lcl|NC_015398.1_prot_YP_004376297.1_89	lcl|NC_022646.1_prot_YP_008720038.1_90	lcl|NC_038371.1_prot_YP_009506030.1_88	lcl|NC_029304.2_prot_YP_009230007.1_88	lcl|NC_005068.1_prot_NP_891942.1_94	lcl|NC_002816.1_prot_NP_148888.1_104	lcl|NC_028491.1_prot_YP_009182219.1_21	lcl|NC_018875.1_prot_YP_006908607.1_99	lcl|NC_025257.1_prot_YP_009091935.1_96	lcl|NC_010240.1_prot_YP_001649106.1_124	lcl|NC_029996.1_prot_YP_009249940.1_102	lcl|NC_033780.2_prot_YP_009345829.1_111	lcl|NC_004062.1_prot_NP_663262.1_97	lcl|NC_032255.1_prot_YP_009330223.1_91	lcl|NC_002593.1_prot_NP_068306.1_88	lcl|NC_013772.1_prot_YP_003422464.1_125	lcl|NC_026511.1_prot_YP_009121888.1_103	lcl|NC_009503.1_prot_YP_001257046.1_95	lcl|NC_038375.1_prot_YP_009506185.1_115	lcl|NC_002331.1_prot_NP_059269.1_121
OG0000052	lcl|NC_005038.1_prot_NP_872545.1_91	lcl|NC_039213.1_prot_YP_009513141.1_111	lcl|NC_013797.1_prot_YP_003429414.1_90	lcl|NC_008168.1_prot_YP_654507.1_86	lcl|NC_015398.1_prot_YP_004376299.1_91	lcl|NC_022646.1_prot_YP_008720040.1_92	lcl|NC_038371.1_prot_YP_009506033.1_91	lcl|NC_029304.2_prot_YP_009230009.1_90	lcl|NC_005068.1_prot_NP_891944.1_96	lcl|NC_002816.1_prot_NP_148890.1_106	lcl|NC_028491.1_prot_YP_009182291.1_93	lcl|NC_018875.1_prot_YP_006908609.1_101	lcl|NC_025257.1_prot_YP_009091938.1_99	lcl|NC_010240.1_prot_YP_001649108.1_126	lcl|NC_029996.1_prot_YP_009249942.1_104	lcl|NC_033780.2_prot_YP_009345831.1_113	lcl|NC_004062.1_prot_NP_663264.1_99	lcl|NC_032255.1_prot_YP_009330225.1_93	lcl|NC_002593.1_prot_NP_068308.1_90	lcl|NC_013772.1_prot_YP_003422466.1_127	lcl|NC_026511.1_prot_YP_009121890.1_105	lcl|NC_009503.1_prot_YP_001257048.1_97	lcl|NC_038375.1_prot_YP_009506187.1_117	lcl|NC_002331.1_prot_NP_059271.1_123
OG0000054	lcl|NC_005038.1_prot_NP_872547.1_93	lcl|NC_039213.1_prot_YP_009513144.1_114	lcl|NC_013797.1_prot_YP_003429416.1_92	lcl|NC_008168.1_prot_YP_654510.1_89	lcl|NC_015398.1_prot_YP_004376302.1_94	lcl|NC_022646.1_prot_YP_008720043.1_95	lcl|NC_038371.1_prot_YP_009506037.1_95	lcl|NC_029304.2_prot_YP_009230027.1_109	lcl|NC_005068.1_prot_NP_891946.1_98	lcl|NC_002816.1_prot_NP_148892.1_108	lcl|NC_028491.1_prot_YP_009182293.1_95	lcl|NC_018875.1_prot_YP_006908611.1_103	lcl|NC_025257.1_prot_YP_009091943.1_104	lcl|NC_010240.1_prot_YP_001649111.1_129	lcl|NC_029996.1_prot_YP_009249945.2_107	lcl|NC_033780.2_prot_YP_009345834.1_116	lcl|NC_004062.1_prot_NP_663266.1_101	lcl|NC_032255.1_prot_YP_009330227.1_95	lcl|NC_002593.1_prot_NP_068311.1_93	lcl|NC_013772.1_prot_YP_003422469.1_130	lcl|NC_026511.1_prot_YP_009121893.1_108	lcl|NC_009503.1_prot_YP_001257051.1_100	lcl|NC_038375.1_prot_YP_009506190.1_120	lcl|NC_002331.1_prot_NP_059274.1_126
OG0000056	lcl|NC_005038.1_prot_NP_872549.1_95	lcl|NC_039213.1_prot_YP_009513146.1_116	lcl|NC_013797.1_prot_YP_003429418.1_94	lcl|NC_008168.1_prot_YP_654512.1_91	lcl|NC_015398.1_prot_YP_004376304.1_96	lcl|NC_022646.1_prot_YP_008720045.1_97	lcl|NC_038371.1_prot_YP_009506040.1_98	lcl|NC_029304.2_prot_YP_009230025.1_107	lcl|NC_005068.1_prot_NP_891949.1_101	lcl|NC_002816.1_prot_NP_148896.1_112	lcl|NC_028491.1_prot_YP_009182296.1_98	lcl|NC_018875.1_prot_YP_006908615.1_107	lcl|NC_025257.1_prot_YP_009091946.1_107	lcl|NC_010240.1_prot_YP_001649117.1_135	lcl|NC_029996.1_prot_YP_009249948.1_110	lcl|NC_033780.2_prot_YP_009345836.1_118	lcl|NC_004062.1_prot_NP_663269.1_104	lcl|NC_032255.1_prot_YP_009330229.1_97	lcl|NC_002593.1_prot_NP_068313.1_95	lcl|NC_013772.1_prot_YP_003422478.1_139	lcl|NC_026511.1_prot_YP_009121895.1_110	lcl|NC_009503.1_prot_YP_001257053.1_102	lcl|NC_038375.1_prot_YP_009506199.1_129	lcl|NC_002331.1_prot_NP_059281.1_133
OG0000058	lcl|NC_005038.1_prot_NP_872551.1_97	lcl|NC_039213.1_prot_YP_009513148.1_118	lcl|NC_013797.1_prot_YP_003429420.1_96	lcl|NC_008168.1_prot_YP_654514.1_93	lcl|NC_015398.1_prot_YP_004376306.1_98	lcl|NC_022646.1_prot_YP_008720047.1_99	lcl|NC_038371.1_prot_YP_009506042.1_100	lcl|NC_029304.2_prot_YP_009230022.1_104	lcl|NC_005068.1_prot_NP_891951.1_103	lcl|NC_002816.1_prot_NP_148898.1_114	lcl|NC_028491.1_prot_YP_009182298.1_100	lcl|NC_018875.1_prot_YP_006908617.1_109	lcl|NC_025257.1_prot_YP_009091948.1_109	lcl|NC_010240.1_prot_YP_001649119.1_137	lcl|NC_029996.1_prot_YP_009249950.1_112	lcl|NC_033780.2_prot_YP_009345838.1_120	lcl|NC_004062.1_prot_NP_663271.1_106	lcl|NC_032255.1_prot_YP_009330231.1_99	lcl|NC_002593.1_prot_NP_068315.1_97	lcl|NC_013772.1_prot_YP_003422480.1_141	lcl|NC_026511.1_prot_YP_009121897.1_112	lcl|NC_009503.1_prot_YP_001257055.1_104	lcl|NC_038375.1_prot_YP_009506201.1_131	lcl|NC_002331.1_prot_NP_059283.1_135
OG0000060	lcl|NC_005038.1_prot_NP_872555.1_101	lcl|NC_039213.1_prot_YP_009513152.1_122	lcl|NC_013797.1_prot_YP_003429424.1_100	lcl|NC_008168.1_prot_YP_654518.1_97	lcl|NC_015398.1_prot_YP_004376310.1_102	lcl|NC_022646.1_prot_YP_008720050.1_102	lcl|NC_038371.1_prot_YP_009506046.1_104	lcl|NC_029304.2_prot_YP_009230018.1_100	lcl|NC_005068.1_prot_NP_891955.1_107	lcl|NC_002816.1_prot_NP_148902.1_118	lcl|NC_028491.1_prot_YP_009182303.1_105	lcl|NC_018875.1_prot_YP_006908621.1_113	lcl|NC_025257.1_prot_YP_009091952.1_113	lcl|NC_010240.1_prot_YP_001649123.1_141	lcl|NC_029996.1_prot_YP_009249954.1_116	lcl|NC_033780.2_prot_YP_009345842.1_124	lcl|NC_004062.1_prot_NP_663275.1_110	lcl|NC_032255.1_prot_YP_009330236.1_104	lcl|NC_002593.1_prot_NP_068319.1_101	lcl|NC_013772.1_prot_YP_003422485.1_146	lcl|NC_026511.1_prot_YP_009121901.1_116	lcl|NC_009503.1_prot_YP_001257060.1_109	lcl|NC_038375.1_prot_YP_009506206.1_136	lcl|NC_002331.1_prot_NP_059288.1_140
OG0000063	lcl|NC_005038.1_prot_NP_872565.1_111	lcl|NC_039213.1_prot_YP_009513168.1_138	lcl|NC_013797.1_prot_YP_003429437.1_113	lcl|NC_008168.1_prot_YP_654530.1_109	lcl|NC_015398.1_prot_YP_004376323.1_115	lcl|NC_022646.1_prot_YP_008720062.1_114	lcl|NC_038371.1_prot_YP_009506059.1_117	lcl|NC_029304.2_prot_YP_009230031.1_113	lcl|NC_005068.1_prot_NP_891968.1_120	lcl|NC_002816.1_prot_NP_148918.1_134	lcl|NC_028491.1_prot_YP_009182318.1_120	lcl|NC_018875.1_prot_YP_006908632.1_124	lcl|NC_025257.1_prot_YP_009091962.1_123	lcl|NC_010240.1_prot_YP_001649151.1_169	lcl|NC_029996.1_prot_YP_009249972.1_134	lcl|NC_033780.2_prot_YP_009345861.1_143	lcl|NC_004062.1_prot_NP_663287.1_122	lcl|NC_032255.1_prot_YP_009330249.1_117	lcl|NC_002593.1_prot_NP_068331.1_113	lcl|NC_013772.1_prot_YP_003422512.1_173	lcl|NC_026511.1_prot_YP_009121920.1_135	lcl|NC_009503.1_prot_YP_001257078.1_127	lcl|NC_038375.1_prot_YP_009506232.1_162	lcl|NC_002331.1_prot_NP_059319.1_171
OG0000064	lcl|NC_005038.1_prot_NP_872567.1_113	lcl|NC_039213.1_prot_YP_009513170.1_140	lcl|NC_013797.1_prot_YP_003429438.1_114	lcl|NC_008168.1_prot_YP_654531.1_110	lcl|NC_015398.1_prot_YP_004376324.1_116	lcl|NC_022646.1_prot_YP_008720063.1_115	lcl|NC_038371.1_prot_YP_009506060.1_118	lcl|NC_029304.2_prot_YP_009230032.1_114	lcl|NC_005068.1_prot_NP_891969.1_121	lcl|NC_002816.1_prot_NP_148919.1_135	lcl|NC_028491.1_prot_YP_009182319.1_121	lcl|NC_018875.1_prot_YP_006908633.1_125	lcl|NC_025257.1_prot_YP_009091963.1_124	lcl|NC_010240.1_prot_YP_001649152.1_170	lcl|NC_029996.1_prot_YP_009249973.1_135	lcl|NC_033780.2_prot_YP_009345862.1_144	lcl|NC_004062.1_prot_NP_663288.1_123	lcl|NC_032255.1_prot_YP_009330250.1_118	lcl|NC_002593.1_prot_NP_068332.1_114	lcl|NC_013772.1_prot_YP_003422513.1_174	lcl|NC_026511.1_prot_YP_009121921.1_136	lcl|NC_009503.1_prot_YP_001257079.1_128	lcl|NC_038375.1_prot_YP_009506233.1_163	lcl|NC_002331.1_prot_NP_059320.1_172
OG0000065	lcl|NC_005038.1_prot_NP_872569.1_115	lcl|NC_039213.1_prot_YP_009513173.1_143	lcl|NC_013797.1_prot_YP_003429440.1_116	lcl|NC_008168.1_prot_YP_654534.1_113	lcl|NC_015398.1_prot_YP_004376327.1_119	lcl|NC_022646.1_prot_YP_008720066.1_118	lcl|NC_038371.1_prot_YP_009506062.1_120	lcl|NC_029304.2_prot_YP_009230034.1_117	lcl|NC_005068.1_prot_NP_891972.1_124	lcl|NC_002816.1_prot_NP_148922.1_138	lcl|NC_028491.1_prot_YP_009182322.1_124	lcl|NC_018875.1_prot_YP_006908636.1_128	lcl|NC_025257.1_prot_YP_009091965.1_126	lcl|NC_010240.1_prot_YP_001649155.1_173	lcl|NC_029996.1_prot_YP_009249975.1_138	lcl|NC_033780.2_prot_YP_009345865.1_147	lcl|NC_004062.1_prot_NP_663291.1_126	lcl|NC_032255.1_prot_YP_009330253.1_121	lcl|NC_002593.1_prot_NP_068334.1_116	lcl|NC_013772.1_prot_YP_003422516.1_177	lcl|NC_026511.1_prot_YP_009121924.1_139	lcl|NC_009503.1_prot_YP_001257081.1_130	lcl|NC_038375.1_prot_YP_009506236.1_166	lcl|NC_002331.1_prot_NP_059323.1_175
OG0000066	lcl|NC_005038.1_prot_NP_872573.1_119	lcl|NC_039213.1_prot_YP_009513179.1_149	lcl|NC_013797.1_prot_YP_003429444.1_120	lcl|NC_008168.1_prot_YP_654537.1_116	lcl|NC_015398.1_prot_YP_004376331.1_123	lcl|NC_022646.1_prot_YP_008720070.1_122	lcl|NC_038371.1_prot_YP_009506065.1_123	lcl|NC_029304.2_prot_YP_009230037.1_120	lcl|NC_005068.1_prot_NP_891976.1_128	lcl|NC_002816.1_prot_NP_148927.1_143	lcl|NC_028491.1_prot_YP_009182323.1_125	lcl|NC_018875.1_prot_YP_006908640.1_132	lcl|NC_025257.1_prot_YP_009091969.1_130	lcl|NC_010240.1_prot_YP_001649160.1_178	lcl|NC_029996.1_prot_YP_009249981.1_144	lcl|NC_033780.2_prot_YP_009345870.1_152	lcl|NC_004062.1_prot_NP_663295.1_130	lcl|NC_032255.1_prot_YP_009330255.1_123	lcl|NC_002593.1_prot_NP_068219.1_1	lcl|NC_013772.1_prot_YP_003422521.1_182	lcl|NC_026511.1_prot_YP_009121930.1_145	lcl|NC_009503.1_prot_YP_001257085.1_134	lcl|NC_038375.1_prot_YP_009506241.1_171	lcl|NC_002331.1_prot_NP_059328.1_180
