Residue,Aggregation,Aggregation_norm,Prob,Prob_norm
1,0.0,0.0,6.58962e-06,9.687377177248485e-05
2,0.0,0.0,1.009616e-05,0.00015888589695624183
3,0.0,0.0,1.907217e-05,0.0003176239851487776
4,0.0,0.0,6.409931e-05,0.00111391566935787
5,0.0,0.0,6.373517e-05,0.0011074759609089675
6,0.0,0.0,6.396904e-05,0.0011116118828481797
7,0.0,0.0,6.084251e-05,0.0010563201223803764
8,0.0,0.0,3.81004e-06,4.771771967604016e-05
9,0.0,0.0,2.154841e-06,1.8446013780191448e-05
10,0.0,0.0,2.097046e-06,1.7423926259445855e-05
11,0.0,0.0,4.842166e-06,6.597056342441045e-05
12,0.0,0.0,9.206675e-06,0.00014315561720210408
13,0.0,0.0,1.359005e-05,0.00022067431062278395
14,0.0,0.0,1.691812e-05,0.00027953024651979525
15,0.0,0.0,2.006168e-05,0.0003351231775123551
16,0.0,0.0,2.618392e-05,0.00044339318535056724
17,0.0,0.0,4.42459e-05,0.0007628139718884406
18,0.0,0.0,5.010484e-05,0.0008664275969216986
19,0.0,0.0,5.990913e-05,0.0010398135725038556
20,0.0,0.0,7.228262e-05,0.0012586350919617728
21,0.0,0.0,5.372813e-05,0.000930504411404652
22,0.0,0.0,5.2348e-05,0.0009060972196059391
23,0.0,0.0,5.421084e-05,0.0009390409953157014
24,0.0,0.0,6.117855e-05,0.001062262890621078
25,0.0,0.0,5.561049e-05,0.0009637933925544168
26,0.0,0.0,5.032134e-05,0.0008702563355364823
27,0.0,0.0,4.978065e-05,0.0008606943924342774
28,0.0,0.0,4.918594e-05,0.000850177121572393
29,0.0,0.0,4.94294e-05,0.0008544826398317705
30,0.0,0.0,5.846522e-05,0.001014278450225462
31,0.0,0.0,5.579191e-05,0.0009670017517206711
32,0.0,0.0,4.880263e-05,0.0008433983973302096
33,0.0,0.0,4.481057e-05,0.0007727999942145832
34,0.0,0.0,4.019488e-05,0.0006911728785708389
35,0.0,0.0,6.099506e-05,0.0010590179241156432
36,0.0,0.0,4.952794e-05,0.0008562252906544069
37,0.0,0.0,4.754008e-05,0.0008210705731357751
38,0.0,0.0,4.486784e-05,0.0007738127972652467
39,0.0,0.0,1.563661e-05,0.00025686712032011225
40,0.0,0.0,9.868745e-06,0.00015486412978727639
41,0.0,0.0,8.361545e-06,0.00012820974253461176
42,0.0,0.0,1.243223e-05,0.0002001986055744293
43,0.0,0.0,1.527002e-05,0.0002503840843441606
44,0.0,0.0,1.876687e-05,0.0003122248447372605
45,0.0,0.0,2.766294e-05,0.0004695492176186378
46,0.0,0.0,2.48937e-05,0.000420576025371047
47,0.0,0.0,1.890694e-05,0.0003147019413551485
48,0.0,0.0,1.911835e-05,0.0003184406648218986
49,0.0,0.0,1.096255e-05,0.00017420774845029442
50,0.0,0.0,0.008612791,0.15229500564341286
51,0.0,0.0,0.01594875,0.2820292758502004
52,0.0,0.0,0.02229975,0.39434483678549287
53,0.0,0.0,0.02894677,0.5118954240706618
54,0.0,0.0,0.04705004,0.8320464120746064
55,0.0,0.0,0.04738242,0.8379244542953075
56,0.0,0.0,0.04774613,0.8443565583210947
57,8.964,1.0,0.05495385,0.9718229596538811
58,8.964,1.0,0.05502412,0.9730656638684809
59,8.964,1.0,0.05543255,0.9802886278982086
60,8.964,1.0,0.05654715,1.0
61,8.964,1.0,0.05638048,0.9970524902312887
62,0.0,0.0,0.05618873,0.9936614480632299
63,0.0,0.0,0.05633031,0.9961652485855442
64,0.0,0.0,0.05526092,0.9772534019931033
65,0.0,0.0,0.05438366,0.9617393177565902
66,0.0,0.0,0.05231659,0.9251837947613903
67,0.0,0.0,0.0503583,0.8905520139671887
68,0.0,0.0,0.04805685,0.8498515498332683
69,0.0,0.0,0.0458637,0.8110663392419856
70,0.0,0.0,0.03590442,0.6349394112445615
71,0.0,0.0,0.03539798,0.625983169285804
72,0.0,0.0,0.007406974,0.13097048781310086
73,0.0,0.0,1.523329e-05,0.00024973452513251624
74,0.0,0.0,2.214559e-05,0.0003719765109383771
75,0.0,0.0,2.03263e-05,0.00033980290412780105
76,0.0,0.0,2.975958e-05,0.0005066276773382681
77,0.0,0.0,5.461575e-05,0.0009462017091841173
78,3.654,0.4076305220883534,0.0004319251,0.007618806226800333
79,3.654,0.4076305220883534,0.0005116243,0.009028263061014483
80,3.654,0.4076305220883534,0.0005369439,0.00947603271566056
81,3.654,0.4076305220883534,0.0005400744,0.009531394684406887
82,3.654,0.4076305220883534,0.0003835824,0.0067638798423527565
83,0.137,0.015283355644801428,0.0001854208,0.003259450420240483
84,0.0,0.0,8.373078e-05,0.0014610924234177605
85,0.0,0.0,1.442949e-06,5.856413826586151e-06
86,0.0,0.0,1.111792e-06,0.0
87,0.0,0.0,4.780043e-05,0.0008256747860612204
88,0.0,0.0,5.115656e-05,0.0008850269547782357
89,0.0,0.0,5.517488e-05,0.0009560897582450131
90,0.0,0.0,5.598522e-05,0.0009704203820284025
91,0.0,0.0,1.010412e-05,0.00015902666720739043
92,0.0,0.0,8.225119e-06,0.00012579708898144564
93,0.0,0.0,7.359904e-06,0.00011049601701567188
94,0.0,0.0,1.022639e-05,0.00016118897607773498
95,0.0,0.0,8.29815e-06,0.00012708862066632443
96,0.0,0.0,9.116175e-06,0.00014155515140700978
97,0.0,0.0,8.308168e-06,0.00012726578604019465
98,0.0,0.0,4.313087e-06,5.6613957431010404e-05
99,0.0,0.0,2.340546e-06,2.173015190702005e-05
100,0.0,0.0,2.485714e-06,2.4297405150580838e-05
101,0.0,0.0,4.738821e-06,6.414293759464225e-05
102,0.0,0.0,6.956097e-06,0.00010335480937678074
103,0.0,0.0,9.224853e-06,0.00014347708976810659
104,0.0,0.0,9.669625e-06,0.00015134275134397052
105,0.0,0.0,2.238118e-05,0.0003761428505700486
106,0.0,0.0,2.65523e-05,0.0004499078769483224
107,0.0,0.0,4.708886e-05,0.0008130908805825988
108,0.0,0.0,5.095903e-05,0.0008815336950157496
109,0.0,0.0,5.559169e-05,0.0009634609201019552
110,0.0,0.0,6.806502e-05,0.0011840480804989023
111,0.0,0.0,5.366968e-05,0.0009294707404021848
112,0.0,0.0,6.643891e-05,0.0011552908049844183
113,0.0,0.0,6.697947e-05,0.0011648504490749838
114,0.0,0.0,8.494561e-05,0.0014825763334935
115,0.0,0.0,7.847762e-05,0.001368191838929831
116,0.0,0.0,5.810063e-05,0.0010078307836593465
117,0.0,0.0,4.567213e-05,0.000788036428583881
118,0.0,0.0,1.978581e-05,0.0003302444979665798
119,0.367,0.04094154395359215,4.510446e-05,0.0007779973521429838
120,0.367,0.04094154395359215,9.649274e-05,0.0016867839201952387
121,0.367,0.04094154395359215,0.0001398295,0.0024531817329047564
122,0.367,0.04094154395359215,0.0001375175,0.0024122946951339497
123,0.367,0.04094154395359215,0.0001225928,0.00214835577964175
124,0.0,0.0,6.860721e-05,0.0011936365506584846
